<?xml version="1.0"?>
<config xmlns:xsi="http://www.w3.org/2001/XMLSchema-instance" xsi:noNamespaceSchemaLocation="urn:magento:module:Magento_Config:etc/system_file.xsd">
    <system>
        <tab id="priyank" translate="label" sortOrder="1000">
            <label>Priyank</label>
        </tab>
        <section id="hideprice" translate="label" sortOrder="10" showInDefault="1" showInWebsite="1" showInStore="1">
            <label>Hide Price Settings</label>
            <tab>priyank</tab>
            <resource>Magento_Config::config</resource>
            <group id="settings" translate="label" sortOrder="10" showInDefault="1" showInWebsite="1" showInStore="1">
                <label>Settings</label>

                <field id="home" translate="label" type="select" sortOrder="10" showInDefault="1" showInWebsite="1" showInStore="1">
                    <label>Hide on Home Page</label>
                    <source_model>Magento\Config\Model\Config\Source\Yesno</source_model>
                </field>

                <field id="category" translate="label" type="select" sortOrder="20" showInDefault="1" showInWebsite="1" showInStore="1">
                    <label>Hide on Category Page</label>
                    <source_model>Magento\Config\Model\Config\Source\Yesno</source_model>
                </field>

                <field id="product" translate="label" type="select" sortOrder="30" showInDefault="1" showInWebsite="1" showInStore="1">
                    <label>Hide on Product Page</label>
                    <source_model>Magento\Config\Model\Config\Source\Yesno</source_model>
                </field>

                <field id="search" translate="label" type="select" sortOrder="40" showInDefault="1" showInWebsite="1" showInStore="1">
                    <label>Hide on Search Page</label>
                    <source_model>Magento\Config\Model\Config\Source\Yesno</source_model>
                </field>

                <field id="related" translate="label" type="select" sortOrder="50" showInDefault="1" showInWebsite="1" showInStore="1">
                    <label>Hide on Related Products</label>
                    <source_model>Magento\Config\Model\Config\Source\Yesno</source_model>
                </field>

                <field id="upsell" translate="label" type="select" sortOrder="60" showInDefault="1" showInWebsite="1" showInStore="1">
                    <label>Hide on Upsell Products</label>
                    <source_model>Magento\Config\Model\Config\Source\Yesno</source_model>
                </field>

                <field id="crosssell" translate="label" type="select" sortOrder="70" showInDefault="1" showInWebsite="1" showInStore="1">
                    <label>Hide on Cross-sell Products</label>
                    <source_model>Magento\Config\Model\Config\Source\Yesno</source_model>
                </field>

            </group>
        </section>
    </system>
</config>
