<?xml version="1.0"?>
<config xmlns:xsi="http://www.w3.org/2001/XMLSchema-instance" xsi:noNamespaceSchemaLocation="urn:magento:module:Magento_Config:etc/system_file.xsd">
    <system>
        <tab id="priyank" translate="label" sortOrder="1000">
            <label>Priyank</label>
        </tab>
        <section id="hideprice" translate="label" sortOrder="10" showInDefault="1" showInWebsite="1" showInStore="1">
            <label>Hide Price Settings</label>
            <tab>priyank</tab>
            <resource>Magento_Config::config</resource>
            <group id="settings" translate="label" sortOrder="10" showInDefault="1" showInWebsite="1" showInStore="1">
                <label>Settings</label>

               <field id="enabled" translate="label" type="select" sortOrder="10" showInDefault="1" showInWebsite="1" showInStore="1">
                    <label>Enable Hide Price Extension?</label>
                    <source_model>Magento\Config\Model\Config\Source\Enabledisable</source_model>
                </field>

                <field id="hide_for_product_page" translate="label" type="select" sortOrder="20" showInDefault="1" showInWebsite="1" showInStore="1">
                    <label>Hide Price on Product Page?</label>
                    <source_model>Magento\Config\Model\Config\Source\Yesno</source_model>
                    <depends>
                        <field id="enabled">1</field>
                    </depends>
                </field>

                <field id="hide_for_all_product" translate="label" type="select" sortOrder="30" showInDefault="1" showInWebsite="1" showInStore="1">
                    <label>Hide Price for All Products?</label>
                    <source_model>Magento\Config\Model\Config\Source\Yesno</source_model>
                    <depends>
                        <field id="enabled">1</field>
                    </depends>
                </field>
            </group>
        </section>
    </system>
</config>
